twitter_id	handle	username	realname	country
1323238131710238721	_aliceontheroad	aliceontheroad		
1222519447165886465	_anirudhgovind	Anirudh		India
1184143605679542272	_DataLoy	DataLoy		
317955918	_dylanledbetter	Dylan Ledbetter		
277435470	_egbg_	Pablo		Mexico
14851579	_kyliejane	Kylie Wilson		
223959960	_penguin_runner	Kirsten Reilly		UK
393806279	_piedelimon_	Karla		
1321515174214410240	_skuethe	_sk		
1082999278023385088	_unpescador	Martin		Chile
1252893832343150592	_x_why	Velimir Gasparovic		
1002555038500208646	1701Aakash	Aakash 1701		
1320623996249976832	1cartogRaph	Rapha√´l Bz		Switzerland
98332912	1LuisDavid	Luis David ¬ÆÔ∏è		
2778216364	27aea577f17d4c4	eurojam		
984803546741837824	3DOMFBK	3DOMFBK		
1056624482566266880	57x025	Emƒ´ls Mortuƒºevs		
5762562	achillida	Andr√©s Chillida		Spain
2678363167	adaezehs	Adaeze Agu		
768386760216805376	adamdsteer	Adam Steer, doctor of frozen oceans		
1031429616668430336	adamjnafa	A. Jordan Nafa		
1319270829864013828	AdelineRichez1	Adeline Richez		
51383638	adtrigg	Andrew Trigg		UK
623327023	AFCotroneo	Anton1o		
1235300640496250883	afrimapr	afrimapr		
4250716119	aina_don	Aina Le Don		Madagascar
215404498	akadouri	Ariel Kadouri		
1026155967480844291	AlandcoC	Anne L.		France
703573219	AlbinPCLarsson	Albin Larsson		Sweden
3261719668	Alina_Ristea	Alina Ristea		
886193556	AllisonCully	Allison Cully		
409168655	allixender	Alexander Kmoch		
2914726517	allyoucanmap	stefano bovio		
207283971	alnpierre	Pierre		
28714934	aloCrts	Alonso Cort√©s		
950010366779564043	alv_irl	alvirl		
2167201254	Amit_Levinson	Amit Levinson		
3270581047	AnalisisGeo	Felipe Sosa		Mexico
538253168	Anamhoo	Anamhoo		
1322740260422385665	AnatZohar4	Anat Zohar		
80089433	anders_wikstrom	Anders Wikstr√∂m		
93839237	andrewdc_nz	Andrew DC	Andrew Douglas-Clifford	New Zealand
301593228	AndrewRenninger	Andrew Renninger		USA
44530833	andrewrfrench	Andrew French		
1513661708	andy_rutkowski	Andy Rutkowski		
4895763947	AngelineMeeks	Angeline Meeks		
13844282	anlugonz	Ana Luc√≠a Gonz√°lez		
339356740	annaballasiotes	Anna Ballasiotes		
113729499	antoaasa	Anto Aasa		Estonia
3577850236	AntoninBorgnon	Antonin Borgnon		
602294312	antoniolocandro	Antonio Locandro		Honduras
2342154006	areacartografia	√Ärea de cartografia		
44111340	arkarjun	ark Arjun		
72170599	armiok	Mario Hern√°ndez		
627727600	Armire	Armire üëó		
800277926348324864	Arnold_Platon	Arnold Platon		
1132056770	arriskeus	Riesgos Naturales & Medio Ambiente		
732695379288961026	Artisans_Cartos	ArtisansCartographes		France
1324651465428803584	ArunVishwanat10	Arun Vishwanath		
1322967748926873600	asc_miriam	Miriam Asc		
372944125	Asgerpetersen	Asger S. Petersen		
950089955753250816	assesslife	Jose Maria Echave Sanz		Finland
6408382	astronomyblog	Stuart		UK
821629886	astuntech	Astun Technology		
137107982	atdodkonfektes	Zane		
172323510	atstyan	Andrew Styan		
938055192221765634	AurelienChaumet	Aurelien Chaumet		France
1460179340	Austromum	Austromum		
271326430	AvTetering	Anton van Tetering üåç		
1005427867289903104	Axel_AFNEG	Axel Desaintmartin		
25663399	azolnai	Andrew Zolnai		
72266186	azzadv	Azzadv Sawungrana		
1273667699374260224	balt_ti	Tatiana		
744888105602260993	BarryRuderman	Raremaps.com		
49592380	basemap	Basemap		
10381842	bastimapache	Basti üå∏		
1033206985	BBMountClub	Phil Tarr (BBMC)		
235478148	bbroex	Bart Broex		
190644064	bcsweb	British Carto Soc.		
1192481947672399872	beautheory	Gamma Rae Pastor J		
996371006519496705	BellMenna	Menna Bell		
414943174	benfriin	Ben		France
3641471067	BertrandHoud	Bert H		France
929981776834863104	bhupathi_boom	BOOM		
1237617707106873344	BjnNowak	Benjamin Nowak		
842660565201895424	BlackburnStat	Alex Blackburn		
1074378707438055426	BlandfordBread	Blandford Bread		UK
741293104163094529	BlayFoldex	Blay-Foldex		
2734608876	bobackiel	Bogumi≈Ça Backiel		
918661859489779712	bobbij_gis	Bobbi Johnson		
4437731176	Bobolica_	bobolica		France
1132858101940539392	BonacicPedro	Pedro Bonacic Vera		
65125461	bplmaps	Leventhal Map & Education Center at the BPL		
1091711968401154048	BrianSosban	Brian Price		
14503015	bricker	·¥Æ ≥‚Å±·µó·µó·µÉ ·¥ø‚Å±·∂ú·µè·µâ ≥		
791292018	BrittLonneville	Britt Lonneville		Belgium
3119341725	Brown_GIS	GIS@Brown		
128804246	brunmuska	Amish Sarpotdar		UK
52190652	burdGIS	Oliver Burdekin		
2677912008	bus_jus	üè∞ Stephen Biesty-Mode üè∞		
450838453	bushidoenator	un-supra-hemimerengue		
731808469301493760	BZgeo	üáßüáø Belize GEO üõ∞Ô∏è		
40031040	CadenaGaitan	Carlos Cadena-Gait√°n		
96812903	caitlanryan	Caitlan Dowling		
850469658679496705	Camerongreen_96	Cameron Green		
4803755441	canonicalizedco	Dorian Banutoiu		
24074837	carlbaker	Carl Baker		
2372331457	carlosrpz_	Carlos Ramirez		Mexico
3290545829	CarmemMarx	Carmem Rodrigues üè°üò∑üáßüá∑üåç		Brazil
318026127	CaRobson	Craig Robson		
2811928842	caroline_msgu	Caroline Cornuüåç		
39364847	carolpos	carolina passos		
1052923018564038660	Carto_ALex	Alex Fries		
1257977119528935426	Cartografia_AMB	Cartografia AMB üó∫Ô∏è		
1235669751466164226	CartoKorn	Florian Korn		
62923483	carvalho_c_urb	Camila Carvalho		
579246246	cas_maps	Cas		
4252872793	CassClouston	Cassandra Clouston		
1004679065163444224	cbuterez	Cezar Buterez		Romania
822048926081712128	Cchurchili	Carl Churchill		
711926891590979586	ChekosWH	el sergio s√°nchez üá≤üáΩ		
3281440274	chinmay_deval	Chinmay Deval		
348670296	chris_huggins	Christopher Huggins		
1704903661	ChrisB_Key	Chris Brown		
1280909342745800710	ChrisLyons26	Chris Lyons		USA
1179338958758727681	chrisstelz	Chris Stelzm√ºller		
1587457694	chxmonesimo	onesimo √ó galaz		
996835888813494272	cj_maps	Catherine Schroder		UK
1298356315018993666	clintyMw	Clinty		
4273148897	cmhc23	Carrol Chan		Fiji
1061337403795791872	cmjonestodd	C. M. Jones-Todd		
95788541	cobi_it	Rogelio Zarate		
135245295	CoenNengerman	coen nengerman		
484074186	Colpizen	Colpizen		
191950318	ConorGleeson12	Conor Gleeson		
593006760	cooperecimed	RECIMED		
1193324083376619520	courtney_geo	Courtney Edwards		
97729765	cruizch	Carlos Ruiz		
333524694	CRVanPollard	Christopher Pollard		
906170836989747200	Crys_Conway	Crystal Conway		
840369042632396800	cstats1	newishtodc		USA
1280182018656088064	cullen_carto	Brendan Cullen		
842038050431610882	daderidd	David De Ridder		
33788841	dakvid	su«ùbbƒ±…π…ü pƒ± å…êp	David Friggens	New Zealand
1200892211996635139	DanaeKontou	Danae Kontou		UK
1085107832314310656	dandanduhnnnn	Dan		UK
14344140	darenw	Daren Willman		
14848469	darioingiusto	Dario Ingiusto		France
2905624932	darwinanddavis	Matt Malishev		
1407188011	Data_Wax	DATA\WAX - Florian		
1318518242080661504	dataisawesomeo	Christoph Er		
3189066967	datamanAK	Hans Thompson		
1313314222693117952	DatavizAdventuR	Dataviz Adventure		
1095458541589196800	davidia_antiqua	David Saunders		
799989757472374784	DavidNg96191301	David Ng'ang'a		
424357259	dbgoody	Richard Goodman		UK
702335393522425856	deboleenam5	Deboleena		
223123391	DenitzaV	Denitza Voutchkova		
1081900377853829120	dgplacenames	D&G place-names		
113671424	Di_dyne	Di_Dyne		
798523409286266880	DiasporaDan	Dan Harris		
605417877	dic1991	Daniel Ib√°√±ez Campos		
633596180	dickoah	Ahmadou Dicko		
895213223724666880	dr_xeo	Dominic Roy√©		
3160198320	DrChrisGeoSci	Dr Chris #GIS #Success		
145683389	DrGeoffSmith	Geoff Smith		
1233423602948694017	DrNicNacks	Nic		
1228659691355590656	dusziv	Du≈°an ≈Ωivkoviƒá		
238730325	DVDMaps	David McCutcheon		UK
481724987	DylanMoriarty	Dylan Moriarty		
92787154	e2molin	Esteban Escolano Molin		
1146772513051041792	EbingerSamara	Samara Ebinger		USA
332567823	Edgards04	‚àë‚àÇgŒ±r‚àÇ ‚à´.  GrŒ±nŒ±‚àÇ0‚à´		
769611811641491456	EFisherWX	Evan Fisher		
1175013627235098626	ehab_hessy	Ehab ALhessy üáµüá∏		
1058153682905296896	EI_Manny	Emmanuel Espinoza		
1168149476550332416	ElevationApi	Elevation API		
1235881627684921344	EljarmouniMed	EL JARMOUNI Mohamed		
928571635829035009	EllipSIG	Charlotte Trosseille		France
1322438051533066240	elmalovestrees	Emma Hall		
45565875	emilmalta	Emil Malta ‚ùÑÔ∏è		
2756004123	emu_info	Emu Analytics		UK
230955495	EnriquePablito	Quique Montiel		
756293041	EnriqueRetamoza	El Reta		
42470250	erin_caughey	Erin Caughey		
1171647271928307712	ErwanRivault	Erwan Rivault		
1000055398697709569	est987	Eliav S-T		Israel
47698876	evelynuuemaa	Evelyn	Evelyn Uuemaa	Estonia
372571138	Explorer_Hos	Andrew Hostetler		
398047935	F00o00d	FOD		Saudi Arabia
992941173781254145	FastClouds	Liam McRae		
2302174415	fbahoken	Fran√ßoise Bahoken		France
148715617	fede_gaspari	Federica Gaspari		
1967912929	FedericoTallis	Federico Tallis		
204667862	fegranm	Felipe		
958347904510410753	FelipeDantasPI	Felipe Dantas		
49442134	FelipeSanchezB	Felipe S√°nchez		
281177027	fleischkas	Isaak		
28133471	footloose_nil	Nilanjan Chatterjee		
925667303777325056	FrancescaPontin	Francesca Pontin		
847872828267536386	Franck_Akouete	AKOUETE Franck		
1294723270932156419	FranParejaLopez	Francisco Pareja		
841465160187428866	fritzGIS	Diane Fritz üó≥		
24275407	Fuertebrazos	Dan Armstrong		
60300190	g_fiske	Greg Fiske		
2367649759	Gaelle_Sutton	Ga√´lle Sutton		France
1585404372	gartn001	Philipp G√§rtner		
1068081944364109824	Generally_Geo	Pete King		New Zealand
22022797	Geo__Don	üåéGeoDonüåè		USA
1179290044655235072	Geo__Nerd__Rish	Rishi		
908818700660236288	geo_alyaqout	ÿπÿ®ÿØÿßŸÑŸÑÿ∑ŸäŸÅ ÿßŸÑŸäÿßŸÇŸàÿ™		
725799693842812929	geo_brady	brady		
54516098	geobach_za	Victoria Rautenbach		
2493409233	geocarta	SIG & Geomatique		
3308382005	GeoConor	Conor Graham - Geography Jedi üèûÔ∏èüõ∞Ô∏è‚õ∞Ô∏èüåãüåéüåèüåç		
2280343142	geodatascience	GeoDataScience		
3038794800	GeoDave5280	David Jenne		
3994467513	GeogDave	David Martin		
63252096	geogoeroe	Geogoeroe		
251137848	geograph_bi	Geograph - Britain & Ireland		
1242400749864304640	GeogWillJ	William James		
3211907991	GeoJonna	Jonna		
1270037817750630404	geojuffie	Mari√´lle Geers-Plasmans		
1002212251	geokaramanis	Georgios Karamanis		
2719547953	geologyjesse	Jesse Pisel		
1270971523466223618	geomigr	Cartographie(s) & Migration(s)		
70380613	geoObserver_	geoObserver		
1154257288158298112	geoscentricos	geosc√©ntricos		
88731801	geospacedman	Barry Rowlingsonüê∫	Barry Rowlingson	UK
1322964052142936066	GeospatialJ	GeospatialJess		
3005542459	geotologist	Simon Bardsley		New Zealand
1216647489576734721	GeotoZee	Azile		
20835247	germp	German Pardo		
16029245	giambattistam	Giambattista		
874597331424993281	GIS_Manipulator	Richard Burke		
3551028619	gis_naren	makadiya narendra		
919806358328958976	gis3700	Vicky Verscheijden		
1312103880142909440	gischops	Jeff Ward		
726804036	gisordie	Jorge Z		
1319708430316261376	giurugg	Giulia Ruggeri		
572256579	gkankia	Giorgi Kankia		
17174685	gmapsmania	gmapsmania		
2537792462	GokulAnand_	Gokul Anand		
14992557	gontsa	gontsa		
43331985	gonzalotalavera	Gonzalo Talavera Forlin		
948687702957936641	GrrdJul	JulGrrd		
1046660342846230528	GrugetM	Gruget Maieul		
2472403826	GuardedDon	Don Thompson		
940411502	GutierrezyMarco	marko gutierrez		
19764954	haakseth	John Wika Haakseth		
56612205	hannahdormido	Hannah Dormido		
820835432686637056	hannahker11	Hannah Ker		
760094405369946112	hansakwast	Hans van der Kwast		
51414990	HarelDan	HD		
281545406	HarvardMapColl	HarvardMapCollection		
1499547780	HeikkiVesanto	Heikki Vesanto		Ireland
1101617286	Helenmckmck	Helen McKenzie		
261631571	hendrikxleo	Leo		Netherlands
20548476	herrerajuans	Juan Sebasti√°n Herrera		
54696312	Hevski17	Heather Malloch		UK
17564946	Hey_Billy	William Pryor		
5988182	highrank	Mike Perez		
2574612668	hireuter	hannes reuter	Hannes Reuter	
1323017073564524546	HudaBader7	Huda.Bader		
14913762	hurricanevicky	vicky johnson	Vicky Johnson	USA
1851147889	iamSimon_A	Slimin' Simon üëª		New Zealand
964654430	iamwfx	Wenfei Xu		USA
759988092	Iawmatthew	Matthew Law		
4794787035	ibltzr	I. Baltazar P√©rez		
1085907102000922624	Ichisa5	Elisa Schneider		Germany
42653015	igeolise	TravelTime		
193908521	IGNSpain	IGN-CNIG		
2239825712	IIEGJ	IIEG Jalisco		
77265423	ijturton	Ian Turton		UK
187171010	IKEDA_02	I.K.D		
754998655	ilianitev	ilianitev		
21386804	ilyabo	Ilya Boyandin		Switzerland
963423777135759360	ilyankou	Ilya Ilyankou		UK
229710576	imDebanjan	Debanjan Sarkar		India
600827679	iMohamedlil	ŸÖŸÄÿ≠ŸÖŸëÿØ	Mohammed Alhassan	Saudi Arabia
1050564098499465217	ImperiiaProject	The Imperiia Project		
527879669	inari_ta	Irene de la Torre		UK
1169454493	IneffectiveMath	Micah Blake McCurdy		Canada
1237751233039020032	IngeTolenaars	Inge		
153119475	inguibona	Ingrid Citlalliüå∫		
213136009	io_exception	Antonio Feregrino		
785817953170173957	isabelnthomas	Isabel Thomas		
356554442	It_me_Greg	Greg with two g's		
35872377	ItsSifa	Sifa		
706886609598283776	ivelasq3	Isabella Vel√°squez		
230856587	iwengraf	Ivo Wengraf		
1328467646	j_masselink	Joel M		
855041081880313856	j_michalkova	Jana Michalkova		
1403217300	jackasnape	Jack Snape		
457462538	jackffrench	jack ffrench		Ireland
2810559039	jakub_nowosad	Jakub Nowosad		
256543691	jallejulle	jallejulle		
43089947	JamesGABrown	James Brown		
3331095159	JanPhilippKolb	Jan-Philipp Kolb		
56802420	JCamilOrt	Juanco		
27186708	jccpmx	Carlos Cort√©s		
7630312	jdeltoro1973	Y√∫um-K'aak-N√°ab		
892089660154953728	Jens_D_Mueller	Jens Daniel M√ºller		
1148686446536155137	JessWhoMaps	Jess Hepburn		
426008860	jgoodyear9	James Goodyear		
240069436	jh550	Jessica Hammond		
1312125853	JhonFeryandreas	jhon_Fery		
815911984788951040	Jingrong_Zhang	Jingrong Zhang		
269308570	JkariukiDev	Joseph Kariuki		
1041729951903432704	JLecache	Julien Lecach√©		France
711999226381737984	jmatics	Jmatics		
65064975	jmccarty_geo	Jessica McCarty		
36602303	jmtoralc	Manuel Toral		
546345736	jodaMacer	David Mart√≠nez		
1964626808	joeroe90	joeroe90		
314881866	JoeWDavies	Joe Davies		
1320558778417401861	JoFMolano	Jos√© Molano-Pulido		
1263036867450155008	JohannesRahlf	Johannes Rahlf		
993008496152064001	JonasStillhard	Jonas Stillhard		
4003306397	jonni_walker	Jonni Walker		
234086009	jorandradefig	Jorja Andrade		
1002117891133755392	JoseFMolano	Jos√© Molano-Pulido		
46426450	JoshCopping	Joshua Copping		
2899993059	jpablovallejog	Juanpa Vallejo		
1491031412	JPeterPeters	J Peter Squared		
831942603931127809	jstnbraaten	Justin Braaten		
1905096798	JuanEstellerR	Juan Esteller		
2380934868	Juanizio_C	Juanizio Correa		Chile
256783357	juanluistv_	Juan Luis Torres		Mexico
138790830	JulesGrandin	Jules Grandin		
14153272	JulianaMapper	Juliana McMillan-Wilhoit		USA
909713085354643456	JulienMigozzi	Julien Migozzi		
233525664	JulienQuotidien	Julien		
413975678	Jumbostation	Tono_O		
3195365733	Junevgt	Justine Vignat		France
260088313	JuvenalCamposF	Juvenal		
47001569	k_zoar	„Åû„ÅÇ.		Japan
707236699659755521	kaisitah	Kaisa Haverinen		
19331692	kanedr	David Kane		
358606269	Kantzakata	El Diego		
903087573337296896	karopasa	Karen Saenz		
1213057888442142721	Kartografix1	Kartografix		
1189967197730430977	Kartokobri	Julien Dupont Kobri		France
2832470440	katiejolly6	Katie Jolly		
11094672	KeirClarke	Keir Clarke		
1224107513131327488	keirtography	keirtography		
746464149094416384	ken_goulding	Ken Goulding		
985921631439568896	Kenneth_KHW	Kenneth Wong		
20668314	kennethfield	Kenneth Field		
18768827	kermmartian	Christopher Mitchell		
275677658	kgjenkins	Keith Jenkins		
958260865794564096	kimmohaapakan	Kimmo Haapakangas		
29162437	kjsime	Kerrin Sime		New Zealand
748241041019527169	kkakey_	Kristen		
56323078	klaskarlsson	Klas Karlsson		
544295578	KoalaGeo	Edd Lewis		
1413024271	Koen_VdE	Koen Van den Eeckhout		Belgium
1024584556110852096	KonturInc	Kontur		
461965493	kriksine	Kristƒ´ne		
851149914725916672	ksituan	ksituan northland		Canada
482234738	Kulbinderdio	Kulbinder dio		
54558837	kushtrimvisoka	Kushtrim Visoka		
197689783	kylie_donia	Kylie Donia		
892006500	lacxrx	Romain Lx		France
734297005846081536	LandEthics	Steve Carver		
1465157221	laurentgontier	laurent gontier		
751148918	lecartographe	Le Cartographe		France
279084729	lemuscanovas	Marc Lemus		
509794262	Lene_Fischer	Lene Fischer		
384907052	Letyludigital	Leticia Luna		
966993762	lilyhoutman	love, lilyüåà		
1076222694	lioneltodome	Lionel		
1322588299744190466	LizbethBastid11	Lizbeth Bastida		
739155214968717312	lizhvania	Lika Zhvania		
1231780311941492738	LocationArtist2	Location Artistry		USA
1247502174118182915	LouiseSmith_Geo	Louise Smith		
1311399091	Lubin_Picard	Lubin Picard		
1244146648009203714	LuciaNavrro	Luc√≠a Navarro Loperena		
1245716581608554501	luigi_peperoni	Gigi Gruber		
227618482	LuisAguilarCruz	Luis Aguilar Cruz		
1240951060451209216	LuizGalizia	Luiz Felipe Galizia		
3011804639	lxndrkp	Alexandra Kapp		
58158991	m_dizayee	Mohammed Dizayee		
4166491516	m_michalko	Miloslav Michalko		
3123452678	MaedhbhLikeDave	Maedhbh Nic Lochlainn		
163493843	MaelleAMM	maelle am		
1320970592439259136	MAHESHK92842090	MAHESH KUMAR		
21193285	ManAboutCouch	Richard Cantwell		
152331899	manuelabebe	Manuel Abebe		
511175075	mapbliss	David M		
1310659130290388992	MapHustle	Emory Beck		New Zealand
4669435267	MapMakinMeyers	Justin Meyers		
381118369	MapNav_Tom	Tom Armitage		
108928400	mapperfr	J√©r√©my Garniaux		France
437801734	MapsByAntonia	Antonia Blankenberg		
2902589494	mapsbyp	Patrycja Krajczy≈Ñska		
889150492751925250	MapStorms	Martijn Storms		Netherlands
1082711230459060224	maptheclouds	MapTheClouds		
510774054	marcel__dekker	Marcel Dekker		
1669906789	MarcoMinghini	Marco Minghini		Italy
826131117417910272	marcreid	Marc Reid		
258267932	martgnz	Mart√≠n Gonz√°lez		
14707170	MartinBangratz	Unnecessarily sesquipedalian üö°		
253102706	martinfernandoo	Martin		Argentina
1009026611608473600	MartinSenn6	Martin Senn		
2388248707	MattHaul1	Matt		
1466897384	MattiJKokkonen	Matti Kokkonen		
865943250	mc17murali	MURALI BALAJI		
1288862246416732160	MdZakariaHasan7	Md. Zakaria Hasan		
1226081200214814721	meandmaps	me & maps		
161364234	MerDe_Noms	mer de noms		
30791287	MiaDP	Mia Polovina		
2782755278	MichaelDorman84	Michael Dorman		Israel
1098200774990020610	mickaelmarchese	Mickael üö≤ ü•è		
12620762	MikeCoatsDotCom	Mike Coats		
2184556843	mikejschmidty	Mike Schmidt		
942194832491122688	MikeMahoney218	Mike Mahoney		USA
17026228	mikusthetiger	Michael McNeil		
2787878432	mildthing99	BC		
1272146417323294721	MindOverMagma	Euan Mitchell		UK
853862934233141248	MiniMapMakers	Captain Alice		
736009987	MiniTigri	Felipe Lancheros üêØ	Andr√©s Felipe Lancheros S√°nchez	Colombia
570767951	mirzacengic	Mirza Cengic		
55178647	mizuta_kenji	mizuta kenji		
1311757794417283072	mjezwysoko	mje≈º.wysoko		
159574073	mjlegg	Michael Legg		
617684254	Mjstoroz	Michael J. Storozum		
222228205	mmdolbow	Mike Dolbow		
1056888822942711808	mmits003	mits miyake	Mitsuha Miyake	Japan
36121150	moaimx	Irving MA		
2224550306	Monk_Po	MonkeyOnTheMountain‚ìã		
133541065	mr_ericgoodwin	Eric Goodwin		USA
61612315	MrNSheehan	Nathanael Sheehan		
1196527997613940736	MRuehringer	Maria Ruehringer		Netherlands
1109071770814951424	Ms_Pixels	AB Ansah		
1137139989744144390	my_physical	MyPhysicalWorld		
5159271	napo	Maurizio Napolitano		
724082540412198914	NarrativesUrban	Shubham Mishra		
1490947969	Natpatat11	Natalie Robbins		
782161298	Neil_py_harris	Neil Harris 'UO web'	Neil Harris	UK
299559781	neilcfd1	Neil Southall		
21752435	neilcharles_uk	Neil Charles		UK
703959796119179264	nelio_matos	N√©lio Matos		UK
1035417413586694144	neocartocnrs	neocarto		France
37453678	neogeografen	S√∏ren Johannessen		
810141913248649216	NguynQu59656951	Nguy·ªÖn Quang Huy		
635283767	NigraArbaro	Travelling Panda		
283952850	Nikolaj_gr	Nikolaj G		
528087151	niu_haifeng	Haifeng Niu		
712499518491791361	njanakiev	Nikolai Janakiev		
358856439	nodirections	Keith Hartley		
63686376	NoelBallantyne	Noel		
855500785	northlandiguana	Carl Sack		
230677112	notforcasual	diana		
73577090	nurussadad	Abdul Aziz N üìä üò∑		
801318008912232449	nwbort	bort	Nick Twort	Australia
442982795	odile_p	odile		France
252009888	odilon72	Agn√®s Stienne		France
1187008095739875335	oguzhan_err	Oguz		
318564321	or_oron	Or Misgav		
22614266	OrdnanceSurvey	Ordnance Survey		UK
962308623723528192	OudrySophie	Sophie Oudry		
2809999793	owenjpowell	Owen Powell		
794282192008597504	p_kil89	Paul Kilgarriff		
117134839	PascalSchetelat	Pascal Schetelat		
1304413734908067840	Payetadata	Payetadata		
1894592060	pdqnorman	Paul Norman		
499254119	Peter_McKeague	Peter		
564485021	Peterincan	Peter Atwood		
28102639	pheebely	Phoebe L.		USA
1223280403777191936	Phil_M_Barrett	Phil Barrett		
283445478	philbartie	philbartie üá¨üá¨		UK
2911550919	PhilPierdo	Philip Pierdomenico		USA
138810115	PieterCappon	Pieter		
243497005	pinakographos	Daniel P. Huffman		USA
25813395	pivanputs	Paul I üá∫üá∏üá©üá™		USA
113179867	plablo09	pablo		
3042769257	PlaceNPurpose	place + purpose		
3007214442	pnwgeogeek	AliceCarol		
741653561314922496	pokateo_	·µê·µÉ·µñ·µó·µÉÀ¢·µó‚Å±·∂úüó∫‚Çñ‚Çê‚Çú‚Çë		
2335208993	PolarBoe	Oula		Finland
2679909391	popelnuhh	Zlata Popelnuh		UK
34737662	positium	Positium		
2149588681	Pow__C	Claire Powell		
624296733	Pragabhava	Manuel		
1234136874	PratapVardhan	Pratap Vardhan		
910889225448439808	professorkao	Dennis Kao		
1172705303302942720	project4_4	Project ‚Äò44		
3081831303	Properati_Data	Properati Data		
1118966136735924225	PTaconet	Paul Taconet		
1125320137853341696	ptarroso	PedroTarroso		
2339659308	quorumetrix	Tyler Sloan		Canada
272936200	rajbhagatt	Raj Bhagat P #Mapper4Life		
1288532070705369091	raul_casbar	Ra√∫l Casado		
511040524	raveydave76	Dave Miller		UK
14719025	rcheomatic	archeomatic		
376018382	rdisip	Rodolfo Disi Pavlic		Chile
704329847896678400	RealRossThorn	Ross Thorn		USA
201856958	recifs	Fil		France
109054515	redgeographics	Hans van der Maarel		
2718780569	relnox	Ariel Noyman		
4026779141	Remykiwi78	Rem		France
4017972017	resource_watch	Resource Watch		
721829381207887872	ReynardSubtil	David Fox		
1311526141983772673	RFinerman	Rachel Finerman		USA
844109224598818816	rgeomatic	rgeomatic		
494171107	RGuedonHG	R√©mi Gu√©don		
2758549970	Ricccarto	Riccardo Pravettoni		
549843007	richa_marwaha	Richa Marwaha		
733390000809730049	richard_vogg	Richard Vogg		Germany
489547971	RichardZimerman	Richard Zimerman		Switzerland
1106525318553182209	RLShelmerdine	Richard Shelmerdine		
853356352277803009	RobertPazur	Robert Pazur		
2614024302	robradburn	Rob Radburn		UK
35087972	rocasaja	Rocio Castillo-Aja		
1142165477952614400	rocopley1	Russell Copley		
794995039457918977	rod_ferrao	Rodrigo Ferr√£o		
960887786856427520	ron_halliday	Ronald Halliday üá®üá¶ üáßüá∑		
104213130	rorich	R.Richard		USA
275218031	rossp165	Ross Paulson		
36932521	rsfrankl	Rachel Franklinü¶ö		
19811364	saabrs	Oskars U≈°pelis		
757159292252327936	Saadbarca8	Saad Alhmdani		
1064528315304820736	Sahilkidd	Frankie		
105407287	Saint_GIS	SRG		
909440854946930688	sajbelcart	Josie Sajbel		
284326075	salmayarista	Salma Yarista		
363424734	SamIAmFargo	Sam I Map üó∫		
309734801	samwise_v	Sam J		
170641297	san_andreas_	Andrew		
3552542476	SannaJokela1	Sanna Jokela		Finland
48334577	santihpuig	santihpuig		Spain
2332442999	SaraChaoukis	Sara Chaouki		France
179094335	sarah_wilson7	sarah‚òª	Sarah Wilson	Ireland
3309914684	sarahbellmaps	Sarah Bell		
1297747856472838146	sarhoyoshoyos	sarhoyoshoyos		
1201838008359620609	SavoirsEnBulles	Les Savoirs Ambulants		France
351638831	ScientistSoph	Dr. Sophie Kay		
809066605	sciremotesense	Robin Wilson		UK
404240734	SDGeoGirl	Barbara Kent		USA
2599428001	seateazen	Francis Gasgonia		
7541002	seb_meier	Sebastian Meier		
912239743420846080	SergiiShchus	Sergii Shchus		
6119552	serialc	Cyrille MdC		
65161973	sezia	Sezi Karayazi		
2478243950	Sharkteeth11	Sharkteeth Slytherin		
1160963883860762624	ShijiaWendy	Wendy Shijia		
938122234996117505	SiamTabbypoints	Pretty Kitty		
119282289	Sicabi	Sicab√≠		
23860344	sid_bryper	Scott D.		
990715465	sigogne_bfc	Sigogne		
55565431	sim_bai	Simon Baier		
722857290982952961	SimonBeaumont04	Simon Beaumont		UK
636238090	simonmleech	Simon Leech		
741266268	SirJanosFroglez	Floris Groesz		
1020137956869222401	SouthArrowMaps	Andrew Tyrrell		New Zealand
1127867966	southmapr	@southmapr		
37122465	spardosanchez	Santiago Pardo S√°nchez		
1274785600466550785	spatialoccasio1	spatial_occasions		
30381129	sporella	Steph Orellana Bello		
2483418230	STATISTIK_AT	Statistik Austria		Austria
715257120942374913	StephaneAugry	Augry		
363276700	stevefaeembra	Steven Kay		
2686735688	steven4320555	Yu(Steven) ZHANG Âº†ÂÆá		
1033774266880282624	StrathSlater	Strath Slater		
1208855850959462400	sugoiboi40	Justin K		
1138045904630497280	Super_Explorer	SuperExplorer üáµüá∑		USA
2390654502	systemagie	Holger Bruch		Germany
577363985	Tabularthur	Arthur Beaubois-Jude		France
1241040436904460294	TectonixGEO	Tectonix		
3720386117	TeemuSaloriutta	Teemu Saloriutta		
3761815227	terisha_pillay1	Terisha		
110208812	Terranigmus	Ben Jamin'		
37945420	TevaMeyer	Teva Meyer		
180939408	tgsousa_	torts		
1561771195	thecfelix	Christian Felix		
1269335161335959552	TheGISGirl	the GIS girl		
1015132306330308610	thekuhugupta	Kuhu Gupta		
21287004	TheRealJimShady	ùóùames D Smith		
1413281545	ThomasBanafa	Thomas Banafa		
2606576396	Thoughtfulnz	David Hood		
176337766	timbertopper400	Danny Cullinane		
863722747	TimRodaway	Tim Rodaway		
712203030079414272	TimSalabim3	TimSalabim		
2198358416	tjukanov	Topi Tjukanov		Finland
2629383321	tkardi	T√µnis K√§rdi		
1166373999343017986	tobi_aiyelokun	Oluwatobi		
265817210	ToddMostak	Todd Mostak		
50888509	tom5ive	üåèüåçüåé		
62926974	tomasral	Tomasral		Spain
191797663	tomodraco	Tomo üêΩ		
1268236531	TomTheMap	Tom Timms		
40151250	tonuoja	T√µnu Oja		
1247609572388372480	too_sham	‚òÆÔ∏é KarlMaps ‚òÆÔ∏é		
1109429181266436097	topographos2	Michal Michalski ***** ***	Michal Michalski	UK
44981447	torehalset	Tore Halset		Norway
902799883056414721	TorKraft	Torben Kraft		
1291600484931780608	tqwhitetech	Tyler White		
1324021536332881923	triply_at	triply.at		
6062412	tristramg	Tristram Gr√§bener üö≤		
1242492366323245061	Troctolite10	Geetika Chauhan		India
322478509	trolleway	—Ç—Ä–æ–ª–ª–µ–π–±—É—Å –ø—Ä–∏ –∞–Ω–∫–∞–ø–µ		
2267573202	tsskowronski	Tomasz Skowro≈Ñski		
960643730448543744	ultra_beba	Quicque Rivera		
343928585	undertheraedar	Alasdair Rae		UK
1322101266793857026	UT_moblab	Mobility Lab of University of Tartu		
1627895245	UUDreams	Rachel Stevenson		
219609015	uvfns	sutan mufti		
769592708	valen_ibiza	Valent√≠n Sastre		
87239058	Valtzen	Valt Ze		
1127542168078495745	vanhorssenpeter	peter		
2593554955	varaktor	Kapazit√§tsdiode		Germany
1250961517	vaylafi	V√§yl√§virasto		
1193871042558730241	vecinosdela80	vecinosdela80		
421896803	viajeruss	rhabarbrr		
2213909976	VictimOfMaths	Colin Angus		
800934852119785472	victor_medel9	V√≠ctor Medel		
496514453	visualvariable	Travis White		
867502710131752960	vivekparasharr	Vivek Parashar		
55309606	vizowl	Chris Knox		New Zealand
528956594	vizualdatos	Edwin Mendivil Barcel√≥		
3494716935	vlckel	Eli≈°ka Vlƒçkov√°		
278873782	vtcraghead	Map/		
36749252	wahlatlas	wahlatlas.net		
454007980	WestcountryRT	Westcountry Rivers Trust		
894755514571046915	whiterabbit_sci	The White Rabbit Science		
69910493	wndieps	üå¨‚õÖÔ∏è		
34017458	WoutervD	Wouter S. van Dijke		
1205192839145111557	x_y_es	X-Y.es		
3300877743	XemartinLaborde	Xemartin Laborde		
1317585384814137349	XtianMaps	XtianMaps		
890753654822588417	Yaireth_Ortiz	Yaireth Ortiz		
18795658	Yakus	Matt Travis		
2439142170	yeyomourglia	Yeyo		
3044299951	YocsanContreras	_YocsanG		Mexico
66119329	yolsclemente	Yolanda Clemente		Spain
1261357636412411905	Zelbe04	Zelb√© Boshoff		
12306	zentree	Luis Apiolaza üßÆüçÉüì∑‚èö	Luis Apiolaza	New Zealand
143843229	zerbembasqwibo	ABC		
374459093	zinnie__A	Jannah_AM	Zainab Adamu	Nigeria
18855622	ZorzalErrante	Eduardo G		Spain
